{
  "version": 1,
  "sourceFile": "finalv1.ply",
  "pointSize": 0.0001,
  "invertCrop": false,
  "showCropBox": true,
  "magicLength": 0.05,
  "magicSeedIndex": null,
  "crop": {
    "xmin": 0.5273,
    "xmax": 0.624,
    "ymin": -0.0414,
    "ymax": 0.0381,
    "zmin": 0.1061,
    "zmax": 0.2365
  },
  "customPlanes": [],
  "sourceBBox": {
    "min": {
      "x": 0.25594189763069153,
      "y": -0.31994718313217163,
      "z": -0.0017547786701470613
    },
    "max": {
      "x": 0.9058877825737,
      "y": 0.3189460039138794,
      "z": 0.23651917278766632
    }
  }
}