{
  "version": 1,
  "sourceFile": "cropped_finalv1 (1).ply",
  "pointSize": 0.0001,
  "invertCrop": true,
  "showCropBox": false,
  "magicLength": 0.00075,
  "magicSeedIndex": 134543,
  "crop": {
    "xmin": 0.5410690307617188,
    "xmax": 0.6232970952987671,
    "ymin": -0.020092707127332687,
    "ymax": 0.020015012472867966,
    "zmin": 0.11966907232999802,
    "zmax": 0.14840281009674072
  },
  "customPlanes": [],
  "sourceBBox": {
    "min": {
      "x": 0.5294783711433411,
      "y": -0.03658032789826393,
      "z": 0.11174195259809494
    },
    "max": {
      "x": 0.6232970952987671,
      "y": 0.03654571250081062,
      "z": 0.23646613955497742
    }
  }
}